Run,Metric,Value
Conv3Net-c_cs-drstd-ns_10-ncs_4-ssize_128-ds_0.0-stns_0.8-lap_n_20-ne_25-seed_1024-dataset_cifar10-epoch_25-all_trained-state_dict.pth,Accuracy,0.630299985408783
Conv3Net-c_cs-drstd-ns_10-ncs_4-ssize_128-ds_0.0-stns_0.8-lap_n_20-ne_25-seed_1024-dataset_cifar10-epoch_25-all_trained-state_dict.pth,Top 2 Accuracy,0.8087000250816345
Conv3Net-c_cs-drstd-ns_10-ncs_4-ssize_128-ds_0.0-stns_0.8-lap_n_20-ne_25-seed_128-dataset_cifar10-epoch_25-all_trained-state_dict.pth,Accuracy,0.6438999772071838
Conv3Net-c_cs-drstd-ns_10-ncs_4-ssize_128-ds_0.0-stns_0.8-lap_n_20-ne_25-seed_128-dataset_cifar10-epoch_25-all_trained-state_dict.pth,Top 2 Accuracy,0.8237000107765198
Conv3Net-c_cs-drstd-ns_10-ncs_4-ssize_128-ds_0.0-stns_0.8-lap_n_20-ne_25-seed_16-dataset_cifar10-epoch_25-all_trained-state_dict.pth,Accuracy,0.6589999794960022
Conv3Net-c_cs-drstd-ns_10-ncs_4-ssize_128-ds_0.0-stns_0.8-lap_n_20-ne_25-seed_16-dataset_cifar10-epoch_25-all_trained-state_dict.pth,Top 2 Accuracy,0.8312000036239624
Conv3Net-c_cs-drstd-ns_10-ncs_4-ssize_128-ds_0.0-stns_0.8-lap_n_20-ne_25-seed_2-dataset_cifar10-epoch_25-all_trained-state_dict.pth,Accuracy,0.6474000215530396
Conv3Net-c_cs-drstd-ns_10-ncs_4-ssize_128-ds_0.0-stns_0.8-lap_n_20-ne_25-seed_2-dataset_cifar10-epoch_25-all_trained-state_dict.pth,Top 2 Accuracy,0.8205000162124634
Conv3Net-c_cs-drstd-ns_10-ncs_4-ssize_128-ds_0.0-stns_0.8-lap_n_20-ne_25-seed_256-dataset_cifar10-epoch_25-all_trained-state_dict.pth,Accuracy,0.628000020980835
Conv3Net-c_cs-drstd-ns_10-ncs_4-ssize_128-ds_0.0-stns_0.8-lap_n_20-ne_25-seed_256-dataset_cifar10-epoch_25-all_trained-state_dict.pth,Top 2 Accuracy,0.8004000186920166
Conv3Net-c_cs-drstd-ns_10-ncs_4-ssize_128-ds_0.0-stns_0.8-lap_n_20-ne_25-seed_32-dataset_cifar10-epoch_25-all_trained-state_dict.pth,Accuracy,0.6446999907493591
Conv3Net-c_cs-drstd-ns_10-ncs_4-ssize_128-ds_0.0-stns_0.8-lap_n_20-ne_25-seed_32-dataset_cifar10-epoch_25-all_trained-state_dict.pth,Top 2 Accuracy,0.8208000063896179
Conv3Net-c_cs-drstd-ns_10-ncs_4-ssize_128-ds_0.0-stns_0.8-lap_n_20-ne_25-seed_4-dataset_cifar10-epoch_25-all_trained-state_dict.pth,Accuracy,0.6284999847412109
Conv3Net-c_cs-drstd-ns_10-ncs_4-ssize_128-ds_0.0-stns_0.8-lap_n_20-ne_25-seed_4-dataset_cifar10-epoch_25-all_trained-state_dict.pth,Top 2 Accuracy,0.8062999844551086
Conv3Net-c_cs-drstd-ns_10-ncs_4-ssize_128-ds_0.0-stns_0.8-lap_n_20-ne_25-seed_512-dataset_cifar10-epoch_25-all_trained-state_dict.pth,Accuracy,0.6453999876976013
Conv3Net-c_cs-drstd-ns_10-ncs_4-ssize_128-ds_0.0-stns_0.8-lap_n_20-ne_25-seed_512-dataset_cifar10-epoch_25-all_trained-state_dict.pth,Top 2 Accuracy,0.8190000057220459
Conv3Net-c_cs-drstd-ns_10-ncs_4-ssize_128-ds_0.0-stns_0.8-lap_n_20-ne_25-seed_64-dataset_cifar10-epoch_25-all_trained-state_dict.pth,Accuracy,0.6251999735832214
Conv3Net-c_cs-drstd-ns_10-ncs_4-ssize_128-ds_0.0-stns_0.8-lap_n_20-ne_25-seed_64-dataset_cifar10-epoch_25-all_trained-state_dict.pth,Top 2 Accuracy,0.8008999824523926
Conv3Net-c_cs-drstd-ns_10-ncs_4-ssize_128-ds_0.0-stns_0.8-lap_n_20-ne_25-seed_8-dataset_cifar10-epoch_25-all_trained-state_dict.pth,Accuracy,0.6258999705314636
Conv3Net-c_cs-drstd-ns_10-ncs_4-ssize_128-ds_0.0-stns_0.8-lap_n_20-ne_25-seed_8-dataset_cifar10-epoch_25-all_trained-state_dict.pth,Top 2 Accuracy,0.8023999929428101
Conv3Net-c_cs-drstd-ns_10-ncs_4-ssize_128-ds_0.0-stns_0.8-lap_n_25-ne_25-seed_1024-dataset_cifar10-epoch_25-all_trained-state_dict.pth,Accuracy,0.6146000027656555
Conv3Net-c_cs-drstd-ns_10-ncs_4-ssize_128-ds_0.0-stns_0.8-lap_n_25-ne_25-seed_1024-dataset_cifar10-epoch_25-all_trained-state_dict.pth,Top 2 Accuracy,0.7991999983787537
Conv3Net-c_cs-drstd-ns_10-ncs_4-ssize_128-ds_0.0-stns_0.8-lap_n_25-ne_25-seed_128-dataset_cifar10-epoch_25-all_trained-state_dict.pth,Accuracy,0.6413999795913696
Conv3Net-c_cs-drstd-ns_10-ncs_4-ssize_128-ds_0.0-stns_0.8-lap_n_25-ne_25-seed_128-dataset_cifar10-epoch_25-all_trained-state_dict.pth,Top 2 Accuracy,0.8202999830245972
Conv3Net-c_cs-drstd-ns_10-ncs_4-ssize_128-ds_0.0-stns_0.8-lap_n_25-ne_25-seed_16-dataset_cifar10-epoch_25-all_trained-state_dict.pth,Accuracy,0.6521000266075134
Conv3Net-c_cs-drstd-ns_10-ncs_4-ssize_128-ds_0.0-stns_0.8-lap_n_25-ne_25-seed_16-dataset_cifar10-epoch_25-all_trained-state_dict.pth,Top 2 Accuracy,0.8213000297546387
Conv3Net-c_cs-drstd-ns_10-ncs_4-ssize_128-ds_0.0-stns_0.8-lap_n_25-ne_25-seed_2-dataset_cifar10-epoch_25-all_trained-state_dict.pth,Accuracy,0.6298999786376953
Conv3Net-c_cs-drstd-ns_10-ncs_4-ssize_128-ds_0.0-stns_0.8-lap_n_25-ne_25-seed_2-dataset_cifar10-epoch_25-all_trained-state_dict.pth,Top 2 Accuracy,0.808899998664856
Conv3Net-c_cs-drstd-ns_10-ncs_4-ssize_128-ds_0.0-stns_0.8-lap_n_25-ne_25-seed_256-dataset_cifar10-epoch_25-all_trained-state_dict.pth,Accuracy,0.6541000008583069
Conv3Net-c_cs-drstd-ns_10-ncs_4-ssize_128-ds_0.0-stns_0.8-lap_n_25-ne_25-seed_256-dataset_cifar10-epoch_25-all_trained-state_dict.pth,Top 2 Accuracy,0.8256000280380249
Conv3Net-c_cs-drstd-ns_10-ncs_4-ssize_128-ds_0.0-stns_0.8-lap_n_25-ne_25-seed_32-dataset_cifar10-epoch_25-all_trained-state_dict.pth,Accuracy,0.6455000042915344
Conv3Net-c_cs-drstd-ns_10-ncs_4-ssize_128-ds_0.0-stns_0.8-lap_n_25-ne_25-seed_32-dataset_cifar10-epoch_25-all_trained-state_dict.pth,Top 2 Accuracy,0.8151999711990356
Conv3Net-c_cs-drstd-ns_10-ncs_4-ssize_128-ds_0.0-stns_0.8-lap_n_25-ne_25-seed_4-dataset_cifar10-epoch_25-all_trained-state_dict.pth,Accuracy,0.6050000190734863
Conv3Net-c_cs-drstd-ns_10-ncs_4-ssize_128-ds_0.0-stns_0.8-lap_n_25-ne_25-seed_4-dataset_cifar10-epoch_25-all_trained-state_dict.pth,Top 2 Accuracy,0.7911999821662903
Conv3Net-c_cs-drstd-ns_10-ncs_4-ssize_128-ds_0.0-stns_0.8-lap_n_25-ne_25-seed_512-dataset_cifar10-epoch_25-all_trained-state_dict.pth,Accuracy,0.6373999714851379
Conv3Net-c_cs-drstd-ns_10-ncs_4-ssize_128-ds_0.0-stns_0.8-lap_n_25-ne_25-seed_512-dataset_cifar10-epoch_25-all_trained-state_dict.pth,Top 2 Accuracy,0.8137999773025513
Conv3Net-c_cs-drstd-ns_10-ncs_4-ssize_128-ds_0.0-stns_0.8-lap_n_25-ne_25-seed_64-dataset_cifar10-epoch_25-all_trained-state_dict.pth,Accuracy,0.6322000026702881
Conv3Net-c_cs-drstd-ns_10-ncs_4-ssize_128-ds_0.0-stns_0.8-lap_n_25-ne_25-seed_64-dataset_cifar10-epoch_25-all_trained-state_dict.pth,Top 2 Accuracy,0.8113999962806702
Conv3Net-c_cs-drstd-ns_10-ncs_4-ssize_128-ds_0.0-stns_0.8-lap_n_25-ne_25-seed_8-dataset_cifar10-epoch_25-all_trained-state_dict.pth,Accuracy,0.6383000016212463
Conv3Net-c_cs-drstd-ns_10-ncs_4-ssize_128-ds_0.0-stns_0.8-lap_n_25-ne_25-seed_8-dataset_cifar10-epoch_25-all_trained-state_dict.pth,Top 2 Accuracy,0.8145999908447266
Conv3Net-c_cs-drstd-ns_10-ncs_4-ssize_128-ds_0.0-stns_0.8-lap_n_50-ne_25-seed_1024-dataset_cifar10-epoch_25-all_trained-state_dict.pth,Accuracy,0.6226000189781189
Conv3Net-c_cs-drstd-ns_10-ncs_4-ssize_128-ds_0.0-stns_0.8-lap_n_50-ne_25-seed_1024-dataset_cifar10-epoch_25-all_trained-state_dict.pth,Top 2 Accuracy,0.8034999966621399
Conv3Net-c_cs-drstd-ns_10-ncs_4-ssize_128-ds_0.0-stns_0.8-lap_n_50-ne_25-seed_128-dataset_cifar10-epoch_25-all_trained-state_dict.pth,Accuracy,0.6244999766349792
Conv3Net-c_cs-drstd-ns_10-ncs_4-ssize_128-ds_0.0-stns_0.8-lap_n_50-ne_25-seed_128-dataset_cifar10-epoch_25-all_trained-state_dict.pth,Top 2 Accuracy,0.8101999759674072
Conv3Net-c_cs-drstd-ns_10-ncs_4-ssize_128-ds_0.0-stns_0.8-lap_n_50-ne_25-seed_16-dataset_cifar10-epoch_25-all_trained-state_dict.pth,Accuracy,0.6510999798774719
Conv3Net-c_cs-drstd-ns_10-ncs_4-ssize_128-ds_0.0-stns_0.8-lap_n_50-ne_25-seed_16-dataset_cifar10-epoch_25-all_trained-state_dict.pth,Top 2 Accuracy,0.8216000199317932
Conv3Net-c_cs-drstd-ns_10-ncs_4-ssize_128-ds_0.0-stns_0.8-lap_n_50-ne_25-seed_2-dataset_cifar10-epoch_25-all_trained-state_dict.pth,Accuracy,0.6376000046730042
Conv3Net-c_cs-drstd-ns_10-ncs_4-ssize_128-ds_0.0-stns_0.8-lap_n_50-ne_25-seed_2-dataset_cifar10-epoch_25-all_trained-state_dict.pth,Top 2 Accuracy,0.8083999752998352
Conv3Net-c_cs-drstd-ns_10-ncs_4-ssize_128-ds_0.0-stns_0.8-lap_n_50-ne_25-seed_256-dataset_cifar10-epoch_25-all_trained-state_dict.pth,Accuracy,0.6470000147819519
Conv3Net-c_cs-drstd-ns_10-ncs_4-ssize_128-ds_0.0-stns_0.8-lap_n_50-ne_25-seed_256-dataset_cifar10-epoch_25-all_trained-state_dict.pth,Top 2 Accuracy,0.8201000094413757
Conv3Net-c_cs-drstd-ns_10-ncs_4-ssize_128-ds_0.0-stns_0.8-lap_n_50-ne_25-seed_32-dataset_cifar10-epoch_25-all_trained-state_dict.pth,Accuracy,0.651199996471405
Conv3Net-c_cs-drstd-ns_10-ncs_4-ssize_128-ds_0.0-stns_0.8-lap_n_50-ne_25-seed_32-dataset_cifar10-epoch_25-all_trained-state_dict.pth,Top 2 Accuracy,0.8216999769210815
Conv3Net-c_cs-drstd-ns_10-ncs_4-ssize_128-ds_0.0-stns_0.8-lap_n_50-ne_25-seed_4-dataset_cifar10-epoch_25-all_trained-state_dict.pth,Accuracy,0.5864999890327454
Conv3Net-c_cs-drstd-ns_10-ncs_4-ssize_128-ds_0.0-stns_0.8-lap_n_50-ne_25-seed_4-dataset_cifar10-epoch_25-all_trained-state_dict.pth,Top 2 Accuracy,0.7746999859809875
Conv3Net-c_cs-drstd-ns_10-ncs_4-ssize_128-ds_0.0-stns_0.8-lap_n_50-ne_25-seed_512-dataset_cifar10-epoch_25-all_trained-state_dict.pth,Accuracy,0.6478000283241272
Conv3Net-c_cs-drstd-ns_10-ncs_4-ssize_128-ds_0.0-stns_0.8-lap_n_50-ne_25-seed_512-dataset_cifar10-epoch_25-all_trained-state_dict.pth,Top 2 Accuracy,0.8188999891281128
Conv3Net-c_cs-drstd-ns_10-ncs_4-ssize_128-ds_0.0-stns_0.8-lap_n_50-ne_25-seed_64-dataset_cifar10-epoch_25-all_trained-state_dict.pth,Accuracy,0.6269999742507935
Conv3Net-c_cs-drstd-ns_10-ncs_4-ssize_128-ds_0.0-stns_0.8-lap_n_50-ne_25-seed_64-dataset_cifar10-epoch_25-all_trained-state_dict.pth,Top 2 Accuracy,0.8043000102043152
Conv3Net-c_cs-drstd-ns_10-ncs_4-ssize_128-ds_0.0-stns_0.8-lap_n_50-ne_25-seed_8-dataset_cifar10-epoch_25-all_trained-state_dict.pth,Accuracy,0.6341000199317932
Conv3Net-c_cs-drstd-ns_10-ncs_4-ssize_128-ds_0.0-stns_0.8-lap_n_50-ne_25-seed_8-dataset_cifar10-epoch_25-all_trained-state_dict.pth,Top 2 Accuracy,0.8152999877929688
Conv3Net-c_cs-drstd-ns_10-ncs_4-ssize_128-ds_1.0-stns_0.8-lap_n_20-ne_25-seed_1024-dataset_cifar10-epoch_25-all_trained-state_dict.pth,Accuracy,0.6089000105857849
Conv3Net-c_cs-drstd-ns_10-ncs_4-ssize_128-ds_1.0-stns_0.8-lap_n_20-ne_25-seed_1024-dataset_cifar10-epoch_25-all_trained-state_dict.pth,Top 2 Accuracy,0.7853999733924866
Conv3Net-c_cs-drstd-ns_10-ncs_4-ssize_128-ds_1.0-stns_0.8-lap_n_20-ne_25-seed_128-dataset_cifar10-epoch_25-all_trained-state_dict.pth,Accuracy,0.6570000052452087
Conv3Net-c_cs-drstd-ns_10-ncs_4-ssize_128-ds_1.0-stns_0.8-lap_n_20-ne_25-seed_128-dataset_cifar10-epoch_25-all_trained-state_dict.pth,Top 2 Accuracy,0.8277000188827515
Conv3Net-c_cs-drstd-ns_10-ncs_4-ssize_128-ds_1.0-stns_0.8-lap_n_20-ne_25-seed_16-dataset_cifar10-epoch_25-all_trained-state_dict.pth,Accuracy,0.6295999884605408
Conv3Net-c_cs-drstd-ns_10-ncs_4-ssize_128-ds_1.0-stns_0.8-lap_n_20-ne_25-seed_16-dataset_cifar10-epoch_25-all_trained-state_dict.pth,Top 2 Accuracy,0.805899977684021
Conv3Net-c_cs-drstd-ns_10-ncs_4-ssize_128-ds_1.0-stns_0.8-lap_n_20-ne_25-seed_2-dataset_cifar10-epoch_25-all_trained-state_dict.pth,Accuracy,0.6427000164985657
Conv3Net-c_cs-drstd-ns_10-ncs_4-ssize_128-ds_1.0-stns_0.8-lap_n_20-ne_25-seed_2-dataset_cifar10-epoch_25-all_trained-state_dict.pth,Top 2 Accuracy,0.8108000159263611
Conv3Net-c_cs-drstd-ns_10-ncs_4-ssize_128-ds_1.0-stns_0.8-lap_n_20-ne_25-seed_256-dataset_cifar10-epoch_25-all_trained-state_dict.pth,Accuracy,0.6481000185012817
Conv3Net-c_cs-drstd-ns_10-ncs_4-ssize_128-ds_1.0-stns_0.8-lap_n_20-ne_25-seed_256-dataset_cifar10-epoch_25-all_trained-state_dict.pth,Top 2 Accuracy,0.8226000070571899
Conv3Net-c_cs-drstd-ns_10-ncs_4-ssize_128-ds_1.0-stns_0.8-lap_n_20-ne_25-seed_32-dataset_cifar10-epoch_25-all_trained-state_dict.pth,Accuracy,0.6348999738693237
Conv3Net-c_cs-drstd-ns_10-ncs_4-ssize_128-ds_1.0-stns_0.8-lap_n_20-ne_25-seed_32-dataset_cifar10-epoch_25-all_trained-state_dict.pth,Top 2 Accuracy,0.8015000224113464
Conv3Net-c_cs-drstd-ns_10-ncs_4-ssize_128-ds_1.0-stns_0.8-lap_n_20-ne_25-seed_4-dataset_cifar10-epoch_25-all_trained-state_dict.pth,Accuracy,0.6269000172615051
Conv3Net-c_cs-drstd-ns_10-ncs_4-ssize_128-ds_1.0-stns_0.8-lap_n_20-ne_25-seed_4-dataset_cifar10-epoch_25-all_trained-state_dict.pth,Top 2 Accuracy,0.8098999857902527
Conv3Net-c_cs-drstd-ns_10-ncs_4-ssize_128-ds_1.0-stns_0.8-lap_n_20-ne_25-seed_512-dataset_cifar10-epoch_25-all_trained-state_dict.pth,Accuracy,0.6478999853134155
Conv3Net-c_cs-drstd-ns_10-ncs_4-ssize_128-ds_1.0-stns_0.8-lap_n_20-ne_25-seed_512-dataset_cifar10-epoch_25-all_trained-state_dict.pth,Top 2 Accuracy,0.8129000067710876
Conv3Net-c_cs-drstd-ns_10-ncs_4-ssize_128-ds_1.0-stns_0.8-lap_n_20-ne_25-seed_64-dataset_cifar10-epoch_25-all_trained-state_dict.pth,Accuracy,0.6541000008583069
Conv3Net-c_cs-drstd-ns_10-ncs_4-ssize_128-ds_1.0-stns_0.8-lap_n_20-ne_25-seed_64-dataset_cifar10-epoch_25-all_trained-state_dict.pth,Top 2 Accuracy,0.8263000249862671
Conv3Net-c_cs-drstd-ns_10-ncs_4-ssize_128-ds_1.0-stns_0.8-lap_n_20-ne_25-seed_8-dataset_cifar10-epoch_25-all_trained-state_dict.pth,Accuracy,0.6358000040054321
Conv3Net-c_cs-drstd-ns_10-ncs_4-ssize_128-ds_1.0-stns_0.8-lap_n_20-ne_25-seed_8-dataset_cifar10-epoch_25-all_trained-state_dict.pth,Top 2 Accuracy,0.8152999877929688
Conv3Net-c_cs-drstd-ns_10-ncs_4-ssize_128-ds_1.0-stns_0.8-lap_n_25-ne_25-seed_1024-dataset_cifar10-epoch_25-all_trained-state_dict.pth,Accuracy,0.6003000140190125
Conv3Net-c_cs-drstd-ns_10-ncs_4-ssize_128-ds_1.0-stns_0.8-lap_n_25-ne_25-seed_1024-dataset_cifar10-epoch_25-all_trained-state_dict.pth,Top 2 Accuracy,0.7810999751091003
Conv3Net-c_cs-drstd-ns_10-ncs_4-ssize_128-ds_1.0-stns_0.8-lap_n_25-ne_25-seed_128-dataset_cifar10-epoch_25-all_trained-state_dict.pth,Accuracy,0.6633999943733215
Conv3Net-c_cs-drstd-ns_10-ncs_4-ssize_128-ds_1.0-stns_0.8-lap_n_25-ne_25-seed_128-dataset_cifar10-epoch_25-all_trained-state_dict.pth,Top 2 Accuracy,0.8302000164985657
Conv3Net-c_cs-drstd-ns_10-ncs_4-ssize_128-ds_1.0-stns_0.8-lap_n_25-ne_25-seed_16-dataset_cifar10-epoch_25-all_trained-state_dict.pth,Accuracy,0.6137999892234802
Conv3Net-c_cs-drstd-ns_10-ncs_4-ssize_128-ds_1.0-stns_0.8-lap_n_25-ne_25-seed_16-dataset_cifar10-epoch_25-all_trained-state_dict.pth,Top 2 Accuracy,0.7886999845504761
Conv3Net-c_cs-drstd-ns_10-ncs_4-ssize_128-ds_1.0-stns_0.8-lap_n_25-ne_25-seed_2-dataset_cifar10-epoch_25-all_trained-state_dict.pth,Accuracy,0.6638000011444092
Conv3Net-c_cs-drstd-ns_10-ncs_4-ssize_128-ds_1.0-stns_0.8-lap_n_25-ne_25-seed_2-dataset_cifar10-epoch_25-all_trained-state_dict.pth,Top 2 Accuracy,0.826200008392334
Conv3Net-c_cs-drstd-ns_10-ncs_4-ssize_128-ds_1.0-stns_0.8-lap_n_25-ne_25-seed_256-dataset_cifar10-epoch_25-all_trained-state_dict.pth,Accuracy,0.6517999768257141
Conv3Net-c_cs-drstd-ns_10-ncs_4-ssize_128-ds_1.0-stns_0.8-lap_n_25-ne_25-seed_256-dataset_cifar10-epoch_25-all_trained-state_dict.pth,Top 2 Accuracy,0.8263000249862671
Conv3Net-c_cs-drstd-ns_10-ncs_4-ssize_128-ds_1.0-stns_0.8-lap_n_25-ne_25-seed_32-dataset_cifar10-epoch_25-all_trained-state_dict.pth,Accuracy,0.6466000080108643
Conv3Net-c_cs-drstd-ns_10-ncs_4-ssize_128-ds_1.0-stns_0.8-lap_n_25-ne_25-seed_32-dataset_cifar10-epoch_25-all_trained-state_dict.pth,Top 2 Accuracy,0.8095999956130981
Conv3Net-c_cs-drstd-ns_10-ncs_4-ssize_128-ds_1.0-stns_0.8-lap_n_25-ne_25-seed_4-dataset_cifar10-epoch_25-all_trained-state_dict.pth,Accuracy,0.6351000070571899
Conv3Net-c_cs-drstd-ns_10-ncs_4-ssize_128-ds_1.0-stns_0.8-lap_n_25-ne_25-seed_4-dataset_cifar10-epoch_25-all_trained-state_dict.pth,Top 2 Accuracy,0.8112999796867371
Conv3Net-c_cs-drstd-ns_10-ncs_4-ssize_128-ds_1.0-stns_0.8-lap_n_25-ne_25-seed_512-dataset_cifar10-epoch_25-all_trained-state_dict.pth,Accuracy,0.6500999927520752
Conv3Net-c_cs-drstd-ns_10-ncs_4-ssize_128-ds_1.0-stns_0.8-lap_n_25-ne_25-seed_512-dataset_cifar10-epoch_25-all_trained-state_dict.pth,Top 2 Accuracy,0.8141999840736389
Conv3Net-c_cs-drstd-ns_10-ncs_4-ssize_128-ds_1.0-stns_0.8-lap_n_25-ne_25-seed_64-dataset_cifar10-epoch_25-all_trained-state_dict.pth,Accuracy,0.6517000198364258
Conv3Net-c_cs-drstd-ns_10-ncs_4-ssize_128-ds_1.0-stns_0.8-lap_n_25-ne_25-seed_64-dataset_cifar10-epoch_25-all_trained-state_dict.pth,Top 2 Accuracy,0.8206999897956848
Conv3Net-c_cs-drstd-ns_10-ncs_4-ssize_128-ds_1.0-stns_0.8-lap_n_25-ne_25-seed_8-dataset_cifar10-epoch_25-all_trained-state_dict.pth,Accuracy,0.6452999711036682
Conv3Net-c_cs-drstd-ns_10-ncs_4-ssize_128-ds_1.0-stns_0.8-lap_n_25-ne_25-seed_8-dataset_cifar10-epoch_25-all_trained-state_dict.pth,Top 2 Accuracy,0.8184999823570251
Conv3Net-c_cs-drstd-ns_10-ncs_4-ssize_128-ds_1.0-stns_0.8-lap_n_50-ne_25-seed_1024-dataset_cifar10-epoch_25-all_trained-state_dict.pth,Accuracy,0.5950000286102295
Conv3Net-c_cs-drstd-ns_10-ncs_4-ssize_128-ds_1.0-stns_0.8-lap_n_50-ne_25-seed_1024-dataset_cifar10-epoch_25-all_trained-state_dict.pth,Top 2 Accuracy,0.7781000137329102
Conv3Net-c_cs-drstd-ns_10-ncs_4-ssize_128-ds_1.0-stns_0.8-lap_n_50-ne_25-seed_128-dataset_cifar10-epoch_25-all_trained-state_dict.pth,Accuracy,0.6589999794960022
Conv3Net-c_cs-drstd-ns_10-ncs_4-ssize_128-ds_1.0-stns_0.8-lap_n_50-ne_25-seed_128-dataset_cifar10-epoch_25-all_trained-state_dict.pth,Top 2 Accuracy,0.8288999795913696
Conv3Net-c_cs-drstd-ns_10-ncs_4-ssize_128-ds_1.0-stns_0.8-lap_n_50-ne_25-seed_16-dataset_cifar10-epoch_25-all_trained-state_dict.pth,Accuracy,0.6534000039100647
Conv3Net-c_cs-drstd-ns_10-ncs_4-ssize_128-ds_1.0-stns_0.8-lap_n_50-ne_25-seed_16-dataset_cifar10-epoch_25-all_trained-state_dict.pth,Top 2 Accuracy,0.8248999714851379
Conv3Net-c_cs-drstd-ns_10-ncs_4-ssize_128-ds_1.0-stns_0.8-lap_n_50-ne_25-seed_2-dataset_cifar10-epoch_25-all_trained-state_dict.pth,Accuracy,0.6503999829292297
Conv3Net-c_cs-drstd-ns_10-ncs_4-ssize_128-ds_1.0-stns_0.8-lap_n_50-ne_25-seed_2-dataset_cifar10-epoch_25-all_trained-state_dict.pth,Top 2 Accuracy,0.8202999830245972
Conv3Net-c_cs-drstd-ns_10-ncs_4-ssize_128-ds_1.0-stns_0.8-lap_n_50-ne_25-seed_256-dataset_cifar10-epoch_25-all_trained-state_dict.pth,Accuracy,0.6460000276565552
Conv3Net-c_cs-drstd-ns_10-ncs_4-ssize_128-ds_1.0-stns_0.8-lap_n_50-ne_25-seed_256-dataset_cifar10-epoch_25-all_trained-state_dict.pth,Top 2 Accuracy,0.8165000081062317
Conv3Net-c_cs-drstd-ns_10-ncs_4-ssize_128-ds_1.0-stns_0.8-lap_n_50-ne_25-seed_32-dataset_cifar10-epoch_25-all_trained-state_dict.pth,Accuracy,0.6383000016212463
Conv3Net-c_cs-drstd-ns_10-ncs_4-ssize_128-ds_1.0-stns_0.8-lap_n_50-ne_25-seed_32-dataset_cifar10-epoch_25-all_trained-state_dict.pth,Top 2 Accuracy,0.8087999820709229
Conv3Net-c_cs-drstd-ns_10-ncs_4-ssize_128-ds_1.0-stns_0.8-lap_n_50-ne_25-seed_4-dataset_cifar10-epoch_25-all_trained-state_dict.pth,Accuracy,0.6100999712944031
Conv3Net-c_cs-drstd-ns_10-ncs_4-ssize_128-ds_1.0-stns_0.8-lap_n_50-ne_25-seed_4-dataset_cifar10-epoch_25-all_trained-state_dict.pth,Top 2 Accuracy,0.7875000238418579
Conv3Net-c_cs-drstd-ns_10-ncs_4-ssize_128-ds_1.0-stns_0.8-lap_n_50-ne_25-seed_512-dataset_cifar10-epoch_25-all_trained-state_dict.pth,Accuracy,0.6255999803543091
Conv3Net-c_cs-drstd-ns_10-ncs_4-ssize_128-ds_1.0-stns_0.8-lap_n_50-ne_25-seed_512-dataset_cifar10-epoch_25-all_trained-state_dict.pth,Top 2 Accuracy,0.8046000003814697
Conv3Net-c_cs-drstd-ns_10-ncs_4-ssize_128-ds_1.0-stns_0.8-lap_n_50-ne_25-seed_64-dataset_cifar10-epoch_25-all_trained-state_dict.pth,Accuracy,0.6428999900817871
Conv3Net-c_cs-drstd-ns_10-ncs_4-ssize_128-ds_1.0-stns_0.8-lap_n_50-ne_25-seed_64-dataset_cifar10-epoch_25-all_trained-state_dict.pth,Top 2 Accuracy,0.8187000155448914
Conv3Net-c_cs-drstd-ns_10-ncs_4-ssize_128-ds_1.0-stns_0.8-lap_n_50-ne_25-seed_8-dataset_cifar10-epoch_25-all_trained-state_dict.pth,Accuracy,0.6407999992370605
Conv3Net-c_cs-drstd-ns_10-ncs_4-ssize_128-ds_1.0-stns_0.8-lap_n_50-ne_25-seed_8-dataset_cifar10-epoch_25-all_trained-state_dict.pth,Top 2 Accuracy,0.8206999897956848
